REF_DATE;GEO;Type_of_dairy_product;Type_of_disappearance_of_dairy_products;UOM;UOM_ID;SCALAR_FACTOR;SCALAR_ID;VECTOR;COORDINATE;DECIMALS
1920;Canada;Total dairy products;Total domestic disappearance;Kilolitres;195;units ;0;v72554;01.01.2001;0
1920;Canada;Total dairy products;Per capita domestic disappearance;Litres;203;units ;0;v72560;01.01.2002;2
1920;Canada;Fluid products;Total domestic disappearance;Kilolitres;195;units ;0;v72555;01.02.2001;0
1920;Canada;Fluid products;Per capita domestic disappearance;Litres;203;units ;0;v72561;01.02.2002;2
1920;Canada;Butter;Total domestic disappearance;Kilolitres;195;units ;0;v72556;01.03.2001;0
1920;Canada;Butter;Per capita domestic disappearance;Litres;203;units ;0;v72562;01.03.2002;2
1920;Canada;Cheese;Total domestic disappearance;Kilolitres;195;units ;0;v72557;01.04.2001;0
1920;Canada;Cheese;Per capita domestic disappearance;Litres;203;units ;0;v72563;01.04.2002;2
1920;Canada;Concentrated whole milk products;Total domestic disappearance;Kilolitres;195;units ;0;v72558;01.05.2001;0
1920;Canada;Concentrated whole milk products;Per capita domestic disappearance;Litres;203;units ;0;v72564;01.05.2002;2
1920;Canada;Ice cream;Total domestic disappearance;Kilolitres;195;units ;0;v72559;01.06.2001;0
1920;Canada;Ice cream;Per capita domestic disappearance;Litres;203;units ;0;v72565;01.06.2002;2
1921;Canada;Total dairy products;Total domestic disappearance;Kilolitres;195;units ;0;v72554;01.01.2001;0
1921;Canada;Total dairy products;Per capita domestic disappearance;Litres;203;units ;0;v72560;01.01.2002;2
1921;Canada;Fluid products;Total domestic disappearance;Kilolitres;195;units ;0;v72555;01.02.2001;0
1921;Canada;Fluid products;Per capita domestic disappearance;Litres;203;units ;0;v72561;01.02.2002;2
1921;Canada;Butter;Total domestic disappearance;Kilolitres;195;units ;0;v72556;01.03.2001;0
1921;Canada;Butter;Per capita domestic disappearance;Litres;203;units ;0;v72562;01.03.2002;2
1921;Canada;Cheese;Total domestic disappearance;Kilolitres;195;units ;0;v72557;01.04.2001;0
1921;Canada;Cheese;Per capita domestic disappearance;Litres;203;units ;0;v72563;01.04.2002;2
1921;Canada;Concentrated whole milk products;Total domestic disappearance;Kilolitres;195;units ;0;v72558;01.05.2001;0
1921;Canada;Concentrated whole milk products;Per capita domestic disappearance;Litres;203;units ;0;v72564;01.05.2002;2
1921;Canada;Ice cream;Total domestic disappearance;Kilolitres;195;units ;0;v72559;01.06.2001;0
1921;Canada;Ice cream;Per capita domestic disappearance;Litres;203;units ;0;v72565;01.06.2002;2
1922;Canada;Total dairy products;Total domestic disappearance;Kilolitres;195;units ;0;v72554;01.01.2001;0
1922;Canada;Total dairy products;Per capita domestic disappearance;Litres;203;units ;0;v72560;01.01.2002;2
1922;Canada;Fluid products;Total domestic disappearance;Kilolitres;195;units ;0;v72555;01.02.2001;0
1922;Canada;Fluid products;Per capita domestic disappearance;Litres;203;units ;0;v72561;01.02.2002;2
1922;Canada;Butter;Total domestic disappearance;Kilolitres;195;units ;0;v72556;01.03.2001;0
1922;Canada;Butter;Per capita domestic disappearance;Litres;203;units ;0;v72562;01.03.2002;2
1922;Canada;Cheese;Total domestic disappearance;Kilolitres;195;units ;0;v72557;01.04.2001;0
1922;Canada;Cheese;Per capita domestic disappearance;Litres;203;units ;0;v72563;01.04.2002;2
1922;Canada;Concentrated whole milk products;Total domestic disappearance;Kilolitres;195;units ;0;v72558;01.05.2001;0
1922;Canada;Concentrated whole milk products;Per capita domestic disappearance;Litres;203;units ;0;v72564;01.05.2002;2
1922;Canada;Ice cream;Total domestic disappearance;Kilolitres;195;units ;0;v72559;01.06.2001;0
1922;Canada;Ice cream;Per capita domestic disappearance;Litres;203;units ;0;v72565;01.06.2002;2
1923;Canada;Total dairy products;Total domestic disappearance;Kilolitres;195;units ;0;v72554;01.01.2001;0
1923;Canada;Total dairy products;Per capita domestic disappearance;Litres;203;units ;0;v72560;01.01.2002;2
1923;Canada;Fluid products;Total domestic disappearance;Kilolitres;195;units ;0;v72555;01.02.2001;0
1923;Canada;Fluid products;Per capita domestic disappearance;Litres;203;units ;0;v72561;01.02.2002;2
1923;Canada;Butter;Total domestic disappearance;Kilolitres;195;units ;0;v72556;01.03.2001;0
1923;Canada;Butter;Per capita domestic disappearance;Litres;203;units ;0;v72562;01.03.2002;2
1923;Canada;Cheese;Total domestic disappearance;Kilolitres;195;units ;0;v72557;01.04.2001;0
1923;Canada;Cheese;Per capita domestic disappearance;Litres;203;units ;0;v72563;01.04.2002;2
1923;Canada;Concentrated whole milk products;Total domestic disappearance;Kilolitres;195;units ;0;v72558;01.05.2001;0
1923;Canada;Concentrated whole milk products;Per capita domestic disappearance;Litres;203;units ;0;v72564;01.05.2002;2
1923;Canada;Ice cream;Total domestic disappearance;Kilolitres;195;units ;0;v72559;01.06.2001;0
1923;Canada;Ice cream;Per capita domestic disappearance;Litres;203;units ;0;v72565;01.06.2002;2
1924;Canada;Total dairy products;Total domestic disappearance;Kilolitres;195;units ;0;v72554;01.01.2001;0
1924;Canada;Total dairy products;Per capita domestic disappearance;Litres;203;units ;0;v72560;01.01.2002;2
1924;Canada;Fluid products;Total domestic disappearance;Kilolitres;195;units ;0;v72555;01.02.2001;0
1924;Canada;Fluid products;Per capita domestic disappearance;Litres;203;units ;0;v72561;01.02.2002;2
1924;Canada;Butter;Total domestic disappearance;Kilolitres;195;units ;0;v72556;01.03.2001;0
1924;Canada;Butter;Per capita domestic disappearance;Litres;203;units ;0;v72562;01.03.2002;2
1924;Canada;Cheese;Total domestic disappearance;Kilolitres;195;units ;0;v72557;01.04.2001;0
1924;Canada;Cheese;Per capita domestic disappearance;Litres;203;units ;0;v72563;01.04.2002;2
1924;Canada;Concentrated whole milk products;Total domestic disappearance;Kilolitres;195;units ;0;v72558;01.05.2001;0
1924;Canada;Concentrated whole milk products;Per capita domestic disappearance;Litres;203;units ;0;v72564;01.05.2002;2
1924;Canada;Ice cream;Total domestic disappearance;Kilolitres;195;units ;0;v72559;01.06.2001;0
1924;Canada;Ice cream;Per capita domestic disappearance;Litres;203;units ;0;v72565;01.06.2002;2
1925;Canada;Total dairy products;Total domestic disappearance;Kilolitres;195;units ;0;v72554;01.01.2001;0
1925;Canada;Total dairy products;Per capita domestic disappearance;Litres;203;units ;0;v72560;01.01.2002;2
1925;Canada;Fluid products;Total domestic disappearance;Kilolitres;195;units ;0;v72555;01.02.2001;0
1925;Canada;Fluid products;Per capita domestic disappearance;Litres;203;units ;0;v72561;01.02.2002;2
1925;Canada;Butter;Total domestic disappearance;Kilolitres;195;units ;0;v72556;01.03.2001;0
1925;Canada;Butter;Per capita domestic disappearance;Litres;203;units ;0;v72562;01.03.2002;2
1925;Canada;Cheese;Total domestic disappearance;Kilolitres;195;units ;0;v72557;01.04.2001;0
1925;Canada;Cheese;Per capita domestic disappearance;Litres;203;units ;0;v72563;01.04.2002;2
1925;Canada;Concentrated whole milk products;Total domestic disappearance;Kilolitres;195;units ;0;v72558;01.05.2001;0
1925;Canada;Concentrated whole milk products;Per capita domestic disappearance;Litres;203;units ;0;v72564;01.05.2002;2
1925;Canada;Ice cream;Total domestic disappearance;Kilolitres;195;units ;0;v72559;01.06.2001;0
1925;Canada;Ice cream;Per capita domestic disappearance;Litres;203;units ;0;v72565;01.06.2002;2
1926;Canada;Total dairy products;Total domestic disappearance;Kilolitres;195;units ;0;v72554;01.01.2001;0
1926;Canada;Total dairy products;Per capita domestic disappearance;Litres;203;units ;0;v72560;01.01.2002;2
1926;Canada;Fluid products;Total domestic disappearance;Kilolitres;195;units ;0;v72555;01.02.2001;0
1926;Canada;Fluid products;Per capita domestic disappearance;Litres;203;units ;0;v72561;01.02.2002;2
1926;Canada;Butter;Total domestic disappearance;Kilolitres;195;units ;0;v72556;01.03.2001;0
1926;Canada;Butter;Per capita domestic disappearance;Litres;203;units ;0;v72562;01.03.2002;2
1926;Canada;Cheese;Total domestic disappearance;Kilolitres;195;units ;0;v72557;01.04.2001;0
1926;Canada;Cheese;Per capita domestic disappearance;Litres;203;units ;0;v72563;01.04.2002;2
1926;Canada;Concentrated whole milk products;Total domestic disappearance;Kilolitres;195;units ;0;v72558;01.05.2001;0
1926;Canada;Concentrated whole milk products;Per capita domestic disappearance;Litres;203;units ;0;v72564;01.05.2002;2
1926;Canada;Ice cream;Total domestic disappearance;Kilolitres;195;units ;0;v72559;01.06.2001;0
1926;Canada;Ice cream;Per capita domestic disappearance;Litres;203;units ;0;v72565;01.06.2002;2
1927;Canada;Total dairy products;Total domestic disappearance;Kilolitres;195;units ;0;v72554;01.01.2001;0
1927;Canada;Total dairy products;Per capita domestic disappearance;Litres;203;units ;0;v72560;01.01.2002;2
1927;Canada;Fluid products;Total domestic disappearance;Kilolitres;195;units ;0;v72555;01.02.2001;0
1927;Canada;Fluid products;Per capita domestic disappearance;Litres;203;units ;0;v72561;01.02.2002;2
1927;Canada;Butter;Total domestic disappearance;Kilolitres;195;units ;0;v72556;01.03.2001;0
1927;Canada;Butter;Per capita domestic disappearance;Litres;203;units ;0;v72562;01.03.2002;2
1927;Canada;Cheese;Total domestic disappearance;Kilolitres;195;units ;0;v72557;01.04.2001;0
1927;Canada;Cheese;Per capita domestic disappearance;Litres;203;units ;0;v72563;01.04.2002;2
1927;Canada;Concentrated whole milk products;Total domestic disappearance;Kilolitres;195;units ;0;v72558;01.05.2001;0
1927;Canada;Concentrated whole milk products;Per capita domestic disappearance;Litres;203;units ;0;v72564;01.05.2002;2
1927;Canada;Ice cream;Total domestic disappearance;Kilolitres;195;units ;0;v72559;01.06.2001;0
1927;Canada;Ice cream;Per capita domestic disappearance;Litres;203;units ;0;v72565;01.06.2002;2
1928;Canada;Total dairy products;Total domestic disappearance;Kilolitres;195;units ;0;v72554;01.01.2001;0
1928;Canada;Total dairy products;Per capita domestic disappearance;Litres;203;units ;0;v72560;01.01.2002;2
1928;Canada;Fluid products;Total domestic disappearance;Kilolitres;195;units ;0;v72555;01.02.2001;0
1928;Canada;Fluid products;Per capita domestic disappearance;Litres;203;units ;0;v72561;01.02.2002;2
1928;Canada;Butter;Total domestic disappearance;Kilolitres;195;units ;0;v72556;01.03.2001;0
1928;Canada;Butter;Per capita domestic disappearance;Litres;203;units ;0;v72562;01.03.2002;2
1928;Canada;Cheese;Total domestic disappearance;Kilolitres;195;units ;0;v72557;01.04.2001;0
1928;Canada;Cheese;Per capita domestic disappearance;Litres;203;units ;0;v72563;01.04.2002;2
1928;Canada;Concentrated whole milk products;Total domestic disappearance;Kilolitres;195;units ;0;v72558;01.05.2001;0
1928;Canada;Concentrated whole milk products;Per capita domestic disappearance;Litres;203;units ;0;v72564;01.05.2002;2
1928;Canada;Ice cream;Total domestic disappearance;Kilolitres;195;units ;0;v72559;01.06.2001;0
1928;Canada;Ice cream;Per capita domestic disappearance;Litres;203;units ;0;v72565;01.06.2002;2
1929;Canada;Total dairy products;Total domestic disappearance;Kilolitres;195;units ;0;v72554;01.01.2001;0
1929;Canada;Total dairy products;Per capita domestic disappearance;Litres;203;units ;0;v72560;01.01.2002;2
1929;Canada;Fluid products;Total domestic disappearance;Kilolitres;195;units ;0;v72555;01.02.2001;0
1929;Canada;Fluid products;Per capita domestic disappearance;Litres;203;units ;0;v72561;01.02.2002;2
1929;Canada;Butter;Total domestic disappearance;Kilolitres;195;units ;0;v72556;01.03.2001;0
1929;Canada;Butter;Per capita domestic disappearance;Litres;203;units ;0;v72562;01.03.2002;2
1929;Canada;Cheese;Total domestic disappearance;Kilolitres;195;units ;0;v72557;01.04.2001;0
1929;Canada;Cheese;Per capita domestic disappearance;Litres;203;units ;0;v72563;01.04.2002;2
1929;Canada;Concentrated whole milk products;Total domestic disappearance;Kilolitres;195;units ;0;v72558;01.05.2001;0
1929;Canada;Concentrated whole milk products;Per capita domestic disappearance;Litres;203;units ;0;v72564;01.05.2002;2
1929;Canada;Ice cream;Total domestic disappearance;Kilolitres;195;units ;0;v72559;01.06.2001;0
1929;Canada;Ice cream;Per capita domestic disappearance;Litres;203;units ;0;v72565;01.06.2002;2
1930;Canada;Total dairy products;Total domestic disappearance;Kilolitres;195;units ;0;v72554;01.01.2001;0
1930;Canada;Total dairy products;Per capita domestic disappearance;Litres;203;units ;0;v72560;01.01.2002;2
1930;Canada;Fluid products;Total domestic disappearance;Kilolitres;195;units ;0;v72555;01.02.2001;0
1930;Canada;Fluid products;Per capita domestic disappearance;Litres;203;units ;0;v72561;01.02.2002;2
1930;Canada;Butter;Total domestic disappearance;Kilolitres;195;units ;0;v72556;01.03.2001;0
1930;Canada;Butter;Per capita domestic disappearance;Litres;203;units ;0;v72562;01.03.2002;2
1930;Canada;Cheese;Total domestic disappearance;Kilolitres;195;units ;0;v72557;01.04.2001;0
1930;Canada;Cheese;Per capita domestic disappearance;Litres;203;units ;0;v72563;01.04.2002;2
1930;Canada;Concentrated whole milk products;Total domestic disappearance;Kilolitres;195;units ;0;v72558;01.05.2001;0
1930;Canada;Concentrated whole milk products;Per capita domestic disappearance;Litres;203;units ;0;v72564;01.05.2002;2
1930;Canada;Ice cream;Total domestic disappearance;Kilolitres;195;units ;0;v72559;01.06.2001;0
1930;Canada;Ice cream;Per capita domestic disappearance;Litres;203;units ;0;v72565;01.06.2002;2
1931;Canada;Total dairy products;Total domestic disappearance;Kilolitres;195;units ;0;v72554;01.01.2001;0
1931;Canada;Total dairy products;Per capita domestic disappearance;Litres;203;units ;0;v72560;01.01.2002;2
1931;Canada;Fluid products;Total domestic disappearance;Kilolitres;195;units ;0;v72555;01.02.2001;0
1931;Canada;Fluid products;Per capita domestic disappearance;Litres;203;units ;0;v72561;01.02.2002;2
1931;Canada;Butter;Total domestic disappearance;Kilolitres;195;units ;0;v72556;01.03.2001;0
1931;Canada;Butter;Per capita domestic disappearance;Litres;203;units ;0;v72562;01.03.2002;2
1931;Canada;Cheese;Total domestic disappearance;Kilolitres;195;units ;0;v72557;01.04.2001;0
1931;Canada;Cheese;Per capita domestic disappearance;Litres;203;units ;0;v72563;01.04.2002;2
1931;Canada;Concentrated whole milk products;Total domestic disappearance;Kilolitres;195;units ;0;v72558;01.05.2001;0
1931;Canada;Concentrated whole milk products;Per capita domestic disappearance;Litres;203;units ;0;v72564;01.05.2002;2
1931;Canada;Ice cream;Total domestic disappearance;Kilolitres;195;units ;0;v72559;01.06.2001;0
1931;Canada;Ice cream;Per capita domestic disappearance;Litres;203;units ;0;v72565;01.06.2002;2
1932;Canada;Total dairy products;Total domestic disappearance;Kilolitres;195;units ;0;v72554;01.01.2001;0
1932;Canada;Total dairy products;Per capita domestic disappearance;Litres;203;units ;0;v72560;01.01.2002;2
1932;Canada;Fluid products;Total domestic disappearance;Kilolitres;195;units ;0;v72555;01.02.2001;0
1932;Canada;Fluid products;Per capita domestic disappearance;Litres;203;units ;0;v72561;01.02.2002;2
1932;Canada;Butter;Total domestic disappearance;Kilolitres;195;units ;0;v72556;01.03.2001;0
1932;Canada;Butter;Per capita domestic disappearance;Litres;203;units ;0;v72562;01.03.2002;2
1932;Canada;Cheese;Total domestic disappearance;Kilolitres;195;units ;0;v72557;01.04.2001;0
1932;Canada;Cheese;Per capita domestic disappearance;Litres;203;units ;0;v72563;01.04.2002;2
1932;Canada;Concentrated whole milk products;Total domestic disappearance;Kilolitres;195;units ;0;v72558;01.05.2001;0
1932;Canada;Concentrated whole milk products;Per capita domestic disappearance;Litres;203;units ;0;v72564;01.05.2002;2
1932;Canada;Ice cream;Total domestic disappearance;Kilolitres;195;units ;0;v72559;01.06.2001;0
1932;Canada;Ice cream;Per capita domestic disappearance;Litres;203;units ;0;v72565;01.06.2002;2
1933;Canada;Total dairy products;Total domestic disappearance;Kilolitres;195;units ;0;v72554;01.01.2001;0
1933;Canada;Total dairy products;Per capita domestic disappearance;Litres;203;units ;0;v72560;01.01.2002;2
1933;Canada;Fluid products;Total domestic disappearance;Kilolitres;195;units ;0;v72555;01.02.2001;0
1933;Canada;Fluid products;Per capita domestic disappearance;Litres;203;units ;0;v72561;01.02.2002;2
1933;Canada;Butter;Total domestic disappearance;Kilolitres;195;units ;0;v72556;01.03.2001;0
1933;Canada;Butter;Per capita domestic disappearance;Litres;203;units ;0;v72562;01.03.2002;2
1933;Canada;Cheese;Total domestic disappearance;Kilolitres;195;units ;0;v72557;01.04.2001;0
1933;Canada;Cheese;Per capita domestic disappearance;Litres;203;units ;0;v72563;01.04.2002;2
1933;Canada;Concentrated whole milk products;Total domestic disappearance;Kilolitres;195;units ;0;v72558;01.05.2001;0
1933;Canada;Concentrated whole milk products;Per capita domestic disappearance;Litres;203;units ;0;v72564;01.05.2002;2
1933;Canada;Ice cream;Total domestic disappearance;Kilolitres;195;units ;0;v72559;01.06.2001;0
1933;Canada;Ice cream;Per capita domestic disappearance;Litres;203;units ;0;v72565;01.06.2002;2
1934;Canada;Total dairy products;Total domestic disappearance;Kilolitres;195;units ;0;v72554;01.01.2001;0
1934;Canada;Total dairy products;Per capita domestic disappearance;Litres;203;units ;0;v72560;01.01.2002;2
1934;Canada;Fluid products;Total domestic disappearance;Kilolitres;195;units ;0;v72555;01.02.2001;0
1934;Canada;Fluid products;Per capita domestic disappearance;Litres;203;units ;0;v72561;01.02.2002;2
1934;Canada;Butter;Total domestic disappearance;Kilolitres;195;units ;0;v72556;01.03.2001;0
1934;Canada;Butter;Per capita domestic disappearance;Litres;203;units ;0;v72562;01.03.2002;2
1934;Canada;Cheese;Total domestic disappearance;Kilolitres;195;units ;0;v72557;01.04.2001;0
1934;Canada;Cheese;Per capita domestic disappearance;Litres;203;units ;0;v72563;01.04.2002;2
1934;Canada;Concentrated whole milk products;Total domestic disappearance;Kilolitres;195;units ;0;v72558;01.05.2001;0
1934;Canada;Concentrated whole milk products;Per capita domestic disappearance;Litres;203;units ;0;v72564;01.05.2002;2
1934;Canada;Ice cream;Total domestic disappearance;Kilolitres;195;units ;0;v72559;01.06.2001;0
1934;Canada;Ice cream;Per capita domestic disappearance;Litres;203;units ;0;v72565;01.06.2002;2
1935;Canada;Total dairy products;Total domestic disappearance;Kilolitres;195;units ;0;v72554;01.01.2001;0
1935;Canada;Total dairy products;Per capita domestic disappearance;Litres;203;units ;0;v72560;01.01.2002;2
1935;Canada;Fluid products;Total domestic disappearance;Kilolitres;195;units ;0;v72555;01.02.2001;0
1935;Canada;Fluid products;Per capita domestic disappearance;Litres;203;units ;0;v72561;01.02.2002;2
1935;Canada;Butter;Total domestic disappearance;Kilolitres;195;units ;0;v72556;01.03.2001;0
1935;Canada;Butter;Per capita domestic disappearance;Litres;203;units ;0;v72562;01.03.2002;2
1935;Canada;Cheese;Total domestic disappearance;Kilolitres;195;units ;0;v72557;01.04.2001;0
1935;Canada;Cheese;Per capita domestic disappearance;Litres;203;units ;0;v72563;01.04.2002;2
1935;Canada;Concentrated whole milk products;Total domestic disappearance;Kilolitres;195;units ;0;v72558;01.05.2001;0
1935;Canada;Concentrated whole milk products;Per capita domestic disappearance;Litres;203;units ;0;v72564;01.05.2002;2
1935;Canada;Ice cream;Total domestic disappearance;Kilolitres;195;units ;0;v72559;01.06.2001;0
1935;Canada;Ice cream;Per capita domestic disappearance;Litres;203;units ;0;v72565;01.06.2002;2
1936;Canada;Total dairy products;Total domestic disappearance;Kilolitres;195;units ;0;v72554;01.01.2001;0
1936;Canada;Total dairy products;Per capita domestic disappearance;Litres;203;units ;0;v72560;01.01.2002;2
1936;Canada;Fluid products;Total domestic disappearance;Kilolitres;195;units ;0;v72555;01.02.2001;0
1936;Canada;Fluid products;Per capita domestic disappearance;Litres;203;units ;0;v72561;01.02.2002;2
1936;Canada;Butter;Total domestic disappearance;Kilolitres;195;units ;0;v72556;01.03.2001;0
1936;Canada;Butter;Per capita domestic disappearance;Litres;203;units ;0;v72562;01.03.2002;2
1936;Canada;Cheese;Total domestic disappearance;Kilolitres;195;units ;0;v72557;01.04.2001;0
1936;Canada;Cheese;Per capita domestic disappearance;Litres;203;units ;0;v72563;01.04.2002;2
1936;Canada;Concentrated whole milk products;Total domestic disappearance;Kilolitres;195;units ;0;v72558;01.05.2001;0
1936;Canada;Concentrated whole milk products;Per capita domestic disappearance;Litres;203;units ;0;v72564;01.05.2002;2
1936;Canada;Ice cream;Total domestic disappearance;Kilolitres;195;units ;0;v72559;01.06.2001;0
1936;Canada;Ice cream;Per capita domestic disappearance;Litres;203;units ;0;v72565;01.06.2002;2
1937;Canada;Total dairy products;Total domestic disappearance;Kilolitres;195;units ;0;v72554;01.01.2001;0
1937;Canada;Total dairy products;Per capita domestic disappearance;Litres;203;units ;0;v72560;01.01.2002;2
1937;Canada;Fluid products;Total domestic disappearance;Kilolitres;195;units ;0;v72555;01.02.2001;0
1937;Canada;Fluid products;Per capita domestic disappearance;Litres;203;units ;0;v72561;01.02.2002;2
1937;Canada;Butter;Total domestic disappearance;Kilolitres;195;units ;0;v72556;01.03.2001;0
1937;Canada;Butter;Per capita domestic disappearance;Litres;203;units ;0;v72562;01.03.2002;2
1937;Canada;Cheese;Total domestic disappearance;Kilolitres;195;units ;0;v72557;01.04.2001;0
1937;Canada;Cheese;Per capita domestic disappearance;Litres;203;units ;0;v72563;01.04.2002;2
1937;Canada;Concentrated whole milk products;Total domestic disappearance;Kilolitres;195;units ;0;v72558;01.05.2001;0
1937;Canada;Concentrated whole milk products;Per capita domestic disappearance;Litres;203;units ;0;v72564;01.05.2002;2
1937;Canada;Ice cream;Total domestic disappearance;Kilolitres;195;units ;0;v72559;01.06.2001;0
1937;Canada;Ice cream;Per capita domestic disappearance;Litres;203;units ;0;v72565;01.06.2002;2
1938;Canada;Total dairy products;Total domestic disappearance;Kilolitres;195;units ;0;v72554;01.01.2001;0
1938;Canada;Total dairy products;Per capita domestic disappearance;Litres;203;units ;0;v72560;01.01.2002;2
1938;Canada;Fluid products;Total domestic disappearance;Kilolitres;195;units ;0;v72555;01.02.2001;0
1938;Canada;Fluid products;Per capita domestic disappearance;Litres;203;units ;0;v72561;01.02.2002;2
1938;Canada;Butter;Total domestic disappearance;Kilolitres;195;units ;0;v72556;01.03.2001;0
1938;Canada;Butter;Per capita domestic disappearance;Litres;203;units ;0;v72562;01.03.2002;2
1938;Canada;Cheese;Total domestic disappearance;Kilolitres;195;units ;0;v72557;01.04.2001;0
1938;Canada;Cheese;Per capita domestic disappearance;Litres;203;units ;0;v72563;01.04.2002;2
1938;Canada;Concentrated whole milk products;Total domestic disappearance;Kilolitres;195;units ;0;v72558;01.05.2001;0
1938;Canada;Concentrated whole milk products;Per capita domestic disappearance;Litres;203;units ;0;v72564;01.05.2002;2
1938;Canada;Ice cream;Total domestic disappearance;Kilolitres;195;units ;0;v72559;01.06.2001;0
1938;Canada;Ice cream;Per capita domestic disappearance;Litres;203;units ;0;v72565;01.06.2002;2
1939;Canada;Total dairy products;Total domestic disappearance;Kilolitres;195;units ;0;v72554;01.01.2001;0
1939;Canada;Total dairy products;Per capita domestic disappearance;Litres;203;units ;0;v72560;01.01.2002;2
1939;Canada;Fluid products;Total domestic disappearance;Kilolitres;195;units ;0;v72555;01.02.2001;0
1939;Canada;Fluid products;Per capita domestic disappearance;Litres;203;units ;0;v72561;01.02.2002;2
1939;Canada;Butter;Total domestic disappearance;Kilolitres;195;units ;0;v72556;01.03.2001;0
1939;Canada;Butter;Per capita domestic disappearance;Litres;203;units ;0;v72562;01.03.2002;2
1939;Canada;Cheese;Total domestic disappearance;Kilolitres;195;units ;0;v72557;01.04.2001;0
1939;Canada;Cheese;Per capita domestic disappearance;Litres;203;units ;0;v72563;01.04.2002;2
1939;Canada;Concentrated whole milk products;Total domestic disappearance;Kilolitres;195;units ;0;v72558;01.05.2001;0
1939;Canada;Concentrated whole milk products;Per capita domestic disappearance;Litres;203;units ;0;v72564;01.05.2002;2
1939;Canada;Ice cream;Total domestic disappearance;Kilolitres;195;units ;0;v72559;01.06.2001;0
1939;Canada;Ice cream;Per capita domestic disappearance;Litres;203;units ;0;v72565;01.06.2002;2
1940;Canada;Total dairy products;Total domestic disappearance;Kilolitres;195;units ;0;v72554;01.01.2001;0
1940;Canada;Total dairy products;Per capita domestic disappearance;Litres;203;units ;0;v72560;01.01.2002;2
1940;Canada;Fluid products;Total domestic disappearance;Kilolitres;195;units ;0;v72555;01.02.2001;0
1940;Canada;Fluid products;Per capita domestic disappearance;Litres;203;units ;0;v72561;01.02.2002;2
1940;Canada;Butter;Total domestic disappearance;Kilolitres;195;units ;0;v72556;01.03.2001;0
1940;Canada;Butter;Per capita domestic disappearance;Litres;203;units ;0;v72562;01.03.2002;2
1940;Canada;Cheese;Total domestic disappearance;Kilolitres;195;units ;0;v72557;01.04.2001;0
1940;Canada;Cheese;Per capita domestic disappearance;Litres;203;units ;0;v72563;01.04.2002;2
1940;Canada;Concentrated whole milk products;Total domestic disappearance;Kilolitres;195;units ;0;v72558;01.05.2001;0
1940;Canada;Concentrated whole milk products;Per capita domestic disappearance;Litres;203;units ;0;v72564;01.05.2002;2
1940;Canada;Ice cream;Total domestic disappearance;Kilolitres;195;units ;0;v72559;01.06.2001;0
1940;Canada;Ice cream;Per capita domestic disappearance;Litres;203;units ;0;v72565;01.06.2002;2
1941;Canada;Total dairy products;Total domestic disappearance;Kilolitres;195;units ;0;v72554;01.01.2001;0
1941;Canada;Total dairy products;Per capita domestic disappearance;Litres;203;units ;0;v72560;01.01.2002;2
1941;Canada;Fluid products;Total domestic disappearance;Kilolitres;195;units ;0;v72555;01.02.2001;0
1941;Canada;Fluid products;Per capita domestic disappearance;Litres;203;units ;0;v72561;01.02.2002;2
1941;Canada;Butter;Total domestic disappearance;Kilolitres;195;units ;0;v72556;01.03.2001;0
1941;Canada;Butter;Per capita domestic disappearance;Litres;203;units ;0;v72562;01.03.2002;2
1941;Canada;Cheese;Total domestic disappearance;Kilolitres;195;units ;0;v72557;01.04.2001;0
1941;Canada;Cheese;Per capita domestic disappearance;Litres;203;units ;0;v72563;01.04.2002;2
1941;Canada;Concentrated whole milk products;Total domestic disappearance;Kilolitres;195;units ;0;v72558;01.05.2001;0
1941;Canada;Concentrated whole milk products;Per capita domestic disappearance;Litres;203;units ;0;v72564;01.05.2002;2
1941;Canada;Ice cream;Total domestic disappearance;Kilolitres;195;units ;0;v72559;01.06.2001;0
1941;Canada;Ice cream;Per capita domestic disappearance;Litres;203;units ;0;v72565;01.06.2002;2
1942;Canada;Total dairy products;Total domestic disappearance;Kilolitres;195;units ;0;v72554;01.01.2001;0
1942;Canada;Total dairy products;Per capita domestic disappearance;Litres;203;units ;0;v72560;01.01.2002;2
1942;Canada;Fluid products;Total domestic disappearance;Kilolitres;195;units ;0;v72555;01.02.2001;0
1942;Canada;Fluid products;Per capita domestic disappearance;Litres;203;units ;0;v72561;01.02.2002;2
1942;Canada;Butter;Total domestic disappearance;Kilolitres;195;units ;0;v72556;01.03.2001;0
1942;Canada;Butter;Per capita domestic disappearance;Litres;203;units ;0;v72562;01.03.2002;2
1942;Canada;Cheese;Total domestic disappearance;Kilolitres;195;units ;0;v72557;01.04.2001;0
1942;Canada;Cheese;Per capita domestic disappearance;Litres;203;units ;0;v72563;01.04.2002;2
1942;Canada;Concentrated whole milk products;Total domestic disappearance;Kilolitres;195;units ;0;v72558;01.05.2001;0
1942;Canada;Concentrated whole milk products;Per capita domestic disappearance;Litres;203;units ;0;v72564;01.05.2002;2
1942;Canada;Ice cream;Total domestic disappearance;Kilolitres;195;units ;0;v72559;01.06.2001;0
1942;Canada;Ice cream;Per capita domestic disappearance;Litres;203;units ;0;v72565;01.06.2002;2
1943;Canada;Total dairy products;Total domestic disappearance;Kilolitres;195;units ;0;v72554;01.01.2001;0
1943;Canada;Total dairy products;Per capita domestic disappearance;Litres;203;units ;0;v72560;01.01.2002;2
1943;Canada;Fluid products;Total domestic disappearance;Kilolitres;195;units ;0;v72555;01.02.2001;0
1943;Canada;Fluid products;Per capita domestic disappearance;Litres;203;units ;0;v72561;01.02.2002;2
1943;Canada;Butter;Total domestic disappearance;Kilolitres;195;units ;0;v72556;01.03.2001;0
1943;Canada;Butter;Per capita domestic disappearance;Litres;203;units ;0;v72562;01.03.2002;2
1943;Canada;Cheese;Total domestic disappearance;Kilolitres;195;units ;0;v72557;01.04.2001;0
1943;Canada;Cheese;Per capita domestic disappearance;Litres;203;units ;0;v72563;01.04.2002;2
1943;Canada;Concentrated whole milk products;Total domestic disappearance;Kilolitres;195;units ;0;v72558;01.05.2001;0
1943;Canada;Concentrated whole milk products;Per capita domestic disappearance;Litres;203;units ;0;v72564;01.05.2002;2
1943;Canada;Ice cream;Total domestic disappearance;Kilolitres;195;units ;0;v72559;01.06.2001;0
1943;Canada;Ice cream;Per capita domestic disappearance;Litres;203;units ;0;v72565;01.06.2002;2
1944;Canada;Total dairy products;Total domestic disappearance;Kilolitres;195;units ;0;v72554;01.01.2001;0
1944;Canada;Total dairy products;Per capita domestic disappearance;Litres;203;units ;0;v72560;01.01.2002;2
1944;Canada;Fluid products;Total domestic disappearance;Kilolitres;195;units ;0;v72555;01.02.2001;0
1944;Canada;Fluid products;Per capita domestic disappearance;Litres;203;units ;0;v72561;01.02.2002;2
1944;Canada;Butter;Total domestic disappearance;Kilolitres;195;units ;0;v72556;01.03.2001;0
1944;Canada;Butter;Per capita domestic disappearance;Litres;203;units ;0;v72562;01.03.2002;2
1944;Canada;Cheese;Total domestic disappearance;Kilolitres;195;units ;0;v72557;01.04.2001;0
1944;Canada;Cheese;Per capita domestic disappearance;Litres;203;units ;0;v72563;01.04.2002;2
1944;Canada;Concentrated whole milk products;Total domestic disappearance;Kilolitres;195;units ;0;v72558;01.05.2001;0
1944;Canada;Concentrated whole milk products;Per capita domestic disappearance;Litres;203;units ;0;v72564;01.05.2002;2
1944;Canada;Ice cream;Total domestic disappearance;Kilolitres;195;units ;0;v72559;01.06.2001;0
1944;Canada;Ice cream;Per capita domestic disappearance;Litres;203;units ;0;v72565;01.06.2002;2
1945;Canada;Total dairy products;Total domestic disappearance;Kilolitres;195;units ;0;v72554;01.01.2001;0
1945;Canada;Total dairy products;Per capita domestic disappearance;Litres;203;units ;0;v72560;01.01.2002;2
1945;Canada;Fluid products;Total domestic disappearance;Kilolitres;195;units ;0;v72555;01.02.2001;0
1945;Canada;Fluid products;Per capita domestic disappearance;Litres;203;units ;0;v72561;01.02.2002;2
1945;Canada;Butter;Total domestic disappearance;Kilolitres;195;units ;0;v72556;01.03.2001;0
1945;Canada;Butter;Per capita domestic disappearance;Litres;203;units ;0;v72562;01.03.2002;2
1945;Canada;Cheese;Total domestic disappearance;Kilolitres;195;units ;0;v72557;01.04.2001;0
1945;Canada;Cheese;Per capita domestic disappearance;Litres;203;units ;0;v72563;01.04.2002;2
1945;Canada;Concentrated whole milk products;Total domestic disappearance;Kilolitres;195;units ;0;v72558;01.05.2001;0
1945;Canada;Concentrated whole milk products;Per capita domestic disappearance;Litres;203;units ;0;v72564;01.05.2002;2
1945;Canada;Ice cream;Total domestic disappearance;Kilolitres;195;units ;0;v72559;01.06.2001;0
1945;Canada;Ice cream;Per capita domestic disappearance;Litres;203;units ;0;v72565;01.06.2002;2
1946;Canada;Total dairy products;Total domestic disappearance;Kilolitres;195;units ;0;v72554;01.01.2001;0
1946;Canada;Total dairy products;Per capita domestic disappearance;Litres;203;units ;0;v72560;01.01.2002;2
1946;Canada;Fluid products;Total domestic disappearance;Kilolitres;195;units ;0;v72555;01.02.2001;0
1946;Canada;Fluid products;Per capita domestic disappearance;Litres;203;units ;0;v72561;01.02.2002;2
1946;Canada;Butter;Total domestic disappearance;Kilolitres;195;units ;0;v72556;01.03.2001;0
1946;Canada;Butter;Per capita domestic disappearance;Litres;203;units ;0;v72562;01.03.2002;2
1946;Canada;Cheese;Total domestic disappearance;Kilolitres;195;units ;0;v72557;01.04.2001;0
1946;Canada;Cheese;Per capita domestic disappearance;Litres;203;units ;0;v72563;01.04.2002;2
1946;Canada;Concentrated whole milk products;Total domestic disappearance;Kilolitres;195;units ;0;v72558;01.05.2001;0
1946;Canada;Concentrated whole milk products;Per capita domestic disappearance;Litres;203;units ;0;v72564;01.05.2002;2
1946;Canada;Ice cream;Total domestic disappearance;Kilolitres;195;units ;0;v72559;01.06.2001;0
1946;Canada;Ice cream;Per capita domestic disappearance;Litres;203;units ;0;v72565;01.06.2002;2
1947;Canada;Total dairy products;Total domestic disappearance;Kilolitres;195;units ;0;v72554;01.01.2001;0
1947;Canada;Total dairy products;Per capita domestic disappearance;Litres;203;units ;0;v72560;01.01.2002;2
1947;Canada;Fluid products;Total domestic disappearance;Kilolitres;195;units ;0;v72555;01.02.2001;0
1947;Canada;Fluid products;Per capita domestic disappearance;Litres;203;units ;0;v72561;01.02.2002;2
1947;Canada;Butter;Total domestic disappearance;Kilolitres;195;units ;0;v72556;01.03.2001;0
1947;Canada;Butter;Per capita domestic disappearance;Litres;203;units ;0;v72562;01.03.2002;2
1947;Canada;Cheese;Total domestic disappearance;Kilolitres;195;units ;0;v72557;01.04.2001;0
1947;Canada;Cheese;Per capita domestic disappearance;Litres;203;units ;0;v72563;01.04.2002;2
1947;Canada;Concentrated whole milk products;Total domestic disappearance;Kilolitres;195;units ;0;v72558;01.05.2001;0
1947;Canada;Concentrated whole milk products;Per capita domestic disappearance;Litres;203;units ;0;v72564;01.05.2002;2
1947;Canada;Ice cream;Total domestic disappearance;Kilolitres;195;units ;0;v72559;01.06.2001;0
1947;Canada;Ice cream;Per capita domestic disappearance;Litres;203;units ;0;v72565;01.06.2002;2
1948;Canada;Total dairy products;Total domestic disappearance;Kilolitres;195;units ;0;v72554;01.01.2001;0
1948;Canada;Total dairy products;Per capita domestic disappearance;Litres;203;units ;0;v72560;01.01.2002;2
1948;Canada;Fluid products;Total domestic disappearance;Kilolitres;195;units ;0;v72555;01.02.2001;0
1948;Canada;Fluid products;Per capita domestic disappearance;Litres;203;units ;0;v72561;01.02.2002;2
1948;Canada;Butter;Total domestic disappearance;Kilolitres;195;units ;0;v72556;01.03.2001;0
1948;Canada;Butter;Per capita domestic disappearance;Litres;203;units ;0;v72562;01.03.2002;2
1948;Canada;Cheese;Total domestic disappearance;Kilolitres;195;units ;0;v72557;01.04.2001;0
1948;Canada;Cheese;Per capita domestic disappearance;Litres;203;units ;0;v72563;01.04.2002;2
1948;Canada;Concentrated whole milk products;Total domestic disappearance;Kilolitres;195;units ;0;v72558;01.05.2001;0
1948;Canada;Concentrated whole milk products;Per capita domestic disappearance;Litres;203;units ;0;v72564;01.05.2002;2
1948;Canada;Ice cream;Total domestic disappearance;Kilolitres;195;units ;0;v72559;01.06.2001;0
1948;Canada;Ice cream;Per capita domestic disappearance;Litres;203;units ;0;v72565;01.06.2002;2
1949;Canada;Total dairy products;Total domestic disappearance;Kilolitres;195;units ;0;v72554;01.01.2001;0
1949;Canada;Total dairy products;Per capita domestic disappearance;Litres;203;units ;0;v72560;01.01.2002;2
1949;Canada;Fluid products;Total domestic disappearance;Kilolitres;195;units ;0;v72555;01.02.2001;0
1949;Canada;Fluid products;Per capita domestic disappearance;Litres;203;units ;0;v72561;01.02.2002;2
1949;Canada;Butter;Total domestic disappearance;Kilolitres;195;units ;0;v72556;01.03.2001;0
1949;Canada;Butter;Per capita domestic disappearance;Litres;203;units ;0;v72562;01.03.2002;2
1949;Canada;Cheese;Total domestic disappearance;Kilolitres;195;units ;0;v72557;01.04.2001;0
1949;Canada;Cheese;Per capita domestic disappearance;Litres;203;units ;0;v72563;01.04.2002;2
1949;Canada;Concentrated whole milk products;Total domestic disappearance;Kilolitres;195;units ;0;v72558;01.05.2001;0
1949;Canada;Concentrated whole milk products;Per capita domestic disappearance;Litres;203;units ;0;v72564;01.05.2002;2
1949;Canada;Ice cream;Total domestic disappearance;Kilolitres;195;units ;0;v72559;01.06.2001;0
1949;Canada;Ice cream;Per capita domestic disappearance;Litres;203;units ;0;v72565;01.06.2002;2
1950;Canada;Total dairy products;Total domestic disappearance;Kilolitres;195;units ;0;v72554;01.01.2001;0
1950;Canada;Total dairy products;Per capita domestic disappearance;Litres;203;units ;0;v72560;01.01.2002;2
1950;Canada;Fluid products;Total domestic disappearance;Kilolitres;195;units ;0;v72555;01.02.2001;0
1950;Canada;Fluid products;Per capita domestic disappearance;Litres;203;units ;0;v72561;01.02.2002;2
1950;Canada;Butter;Total domestic disappearance;Kilolitres;195;units ;0;v72556;01.03.2001;0
1950;Canada;Butter;Per capita domestic disappearance;Litres;203;units ;0;v72562;01.03.2002;2
1950;Canada;Cheese;Total domestic disappearance;Kilolitres;195;units ;0;v72557;01.04.2001;0
1950;Canada;Cheese;Per capita domestic disappearance;Litres;203;units ;0;v72563;01.04.2002;2
1950;Canada;Concentrated whole milk products;Total domestic disappearance;Kilolitres;195;units ;0;v72558;01.05.2001;0
1950;Canada;Concentrated whole milk products;Per capita domestic disappearance;Litres;203;units ;0;v72564;01.05.2002;2
1950;Canada;Ice cream;Total domestic disappearance;Kilolitres;195;units ;0;v72559;01.06.2001;0
1950;Canada;Ice cream;Per capita domestic disappearance;Litres;203;units ;0;v72565;01.06.2002;2
1951;Canada;Total dairy products;Total domestic disappearance;Kilolitres;195;units ;0;v72554;01.01.2001;0
1951;Canada;Total dairy products;Per capita domestic disappearance;Litres;203;units ;0;v72560;01.01.2002;2
1951;Canada;Fluid products;Total domestic disappearance;Kilolitres;195;units ;0;v72555;01.02.2001;0
1951;Canada;Fluid products;Per capita domestic disappearance;Litres;203;units ;0;v72561;01.02.2002;2
1951;Canada;Butter;Total domestic disappearance;Kilolitres;195;units ;0;v72556;01.03.2001;0
1951;Canada;Butter;Per capita domestic disappearance;Litres;203;units ;0;v72562;01.03.2002;2
1951;Canada;Cheese;Total domestic disappearance;Kilolitres;195;units ;0;v72557;01.04.2001;0
1951;Canada;Cheese;Per capita domestic disappearance;Litres;203;units ;0;v72563;01.04.2002;2
1951;Canada;Concentrated whole milk products;Total domestic disappearance;Kilolitres;195;units ;0;v72558;01.05.2001;0
1951;Canada;Concentrated whole milk products;Per capita domestic disappearance;Litres;203;units ;0;v72564;01.05.2002;2
1951;Canada;Ice cream;Total domestic disappearance;Kilolitres;195;units ;0;v72559;01.06.2001;0
1951;Canada;Ice cream;Per capita domestic disappearance;Litres;203;units ;0;v72565;01.06.2002;2
1952;Canada;Total dairy products;Total domestic disappearance;Kilolitres;195;units ;0;v72554;01.01.2001;0
1952;Canada;Total dairy products;Per capita domestic disappearance;Litres;203;units ;0;v72560;01.01.2002;2
1952;Canada;Fluid products;Total domestic disappearance;Kilolitres;195;units ;0;v72555;01.02.2001;0
1952;Canada;Fluid products;Per capita domestic disappearance;Litres;203;units ;0;v72561;01.02.2002;2
1952;Canada;Butter;Total domestic disappearance;Kilolitres;195;units ;0;v72556;01.03.2001;0
1952;Canada;Butter;Per capita domestic disappearance;Litres;203;units ;0;v72562;01.03.2002;2
1952;Canada;Cheese;Total domestic disappearance;Kilolitres;195;units ;0;v72557;01.04.2001;0
1952;Canada;Cheese;Per capita domestic disappearance;Litres;203;units ;0;v72563;01.04.2002;2
1952;Canada;Concentrated whole milk products;Total domestic disappearance;Kilolitres;195;units ;0;v72558;01.05.2001;0
1952;Canada;Concentrated whole milk products;Per capita domestic disappearance;Litres;203;units ;0;v72564;01.05.2002;2
1952;Canada;Ice cream;Total domestic disappearance;Kilolitres;195;units ;0;v72559;01.06.2001;0
1952;Canada;Ice cream;Per capita domestic disappearance;Litres;203;units ;0;v72565;01.06.2002;2
1953;Canada;Total dairy products;Total domestic disappearance;Kilolitres;195;units ;0;v72554;01.01.2001;0
1953;Canada;Total dairy products;Per capita domestic disappearance;Litres;203;units ;0;v72560;01.01.2002;2
1953;Canada;Fluid products;Total domestic disappearance;Kilolitres;195;units ;0;v72555;01.02.2001;0
1953;Canada;Fluid products;Per capita domestic disappearance;Litres;203;units ;0;v72561;01.02.2002;2
1953;Canada;Butter;Total domestic disappearance;Kilolitres;195;units ;0;v72556;01.03.2001;0
1953;Canada;Butter;Per capita domestic disappearance;Litres;203;units ;0;v72562;01.03.2002;2
1953;Canada;Cheese;Total domestic disappearance;Kilolitres;195;units ;0;v72557;01.04.2001;0
1953;Canada;Cheese;Per capita domestic disappearance;Litres;203;units ;0;v72563;01.04.2002;2
1953;Canada;Concentrated whole milk products;Total domestic disappearance;Kilolitres;195;units ;0;v72558;01.05.2001;0
1953;Canada;Concentrated whole milk products;Per capita domestic disappearance;Litres;203;units ;0;v72564;01.05.2002;2
1953;Canada;Ice cream;Total domestic disappearance;Kilolitres;195;units ;0;v72559;01.06.2001;0
1953;Canada;Ice cream;Per capita domestic disappearance;Litres;203;units ;0;v72565;01.06.2002;2
1954;Canada;Total dairy products;Total domestic disappearance;Kilolitres;195;units ;0;v72554;01.01.2001;0
1954;Canada;Total dairy products;Per capita domestic disappearance;Litres;203;units ;0;v72560;01.01.2002;2
1954;Canada;Fluid products;Total domestic disappearance;Kilolitres;195;units ;0;v72555;01.02.2001;0
1954;Canada;Fluid products;Per capita domestic disappearance;Litres;203;units ;0;v72561;01.02.2002;2
1954;Canada;Butter;Total domestic disappearance;Kilolitres;195;units ;0;v72556;01.03.2001;0
1954;Canada;Butter;Per capita domestic disappearance;Litres;203;units ;0;v72562;01.03.2002;2
1954;Canada;Cheese;Total domestic disappearance;Kilolitres;195;units ;0;v72557;01.04.2001;0
1954;Canada;Cheese;Per capita domestic disappearance;Litres;203;units ;0;v72563;01.04.2002;2
1954;Canada;Concentrated whole milk products;Total domestic disappearance;Kilolitres;195;units ;0;v72558;01.05.2001;0
1954;Canada;Concentrated whole milk products;Per capita domestic disappearance;Litres;203;units ;0;v72564;01.05.2002;2
1954;Canada;Ice cream;Total domestic disappearance;Kilolitres;195;units ;0;v72559;01.06.2001;0
1954;Canada;Ice cream;Per capita domestic disappearance;Litres;203;units ;0;v72565;01.06.2002;2
1955;Canada;Total dairy products;Total domestic disappearance;Kilolitres;195;units ;0;v72554;01.01.2001;0
1955;Canada;Total dairy products;Per capita domestic disappearance;Litres;203;units ;0;v72560;01.01.2002;2
1955;Canada;Fluid products;Total domestic disappearance;Kilolitres;195;units ;0;v72555;01.02.2001;0
1955;Canada;Fluid products;Per capita domestic disappearance;Litres;203;units ;0;v72561;01.02.2002;2
1955;Canada;Butter;Total domestic disappearance;Kilolitres;195;units ;0;v72556;01.03.2001;0
1955;Canada;Butter;Per capita domestic disappearance;Litres;203;units ;0;v72562;01.03.2002;2
1955;Canada;Cheese;Total domestic disappearance;Kilolitres;195;units ;0;v72557;01.04.2001;0
1955;Canada;Cheese;Per capita domestic disappearance;Litres;203;units ;0;v72563;01.04.2002;2
1955;Canada;Concentrated whole milk products;Total domestic disappearance;Kilolitres;195;units ;0;v72558;01.05.2001;0
1955;Canada;Concentrated whole milk products;Per capita domestic disappearance;Litres;203;units ;0;v72564;01.05.2002;2
1955;Canada;Ice cream;Total domestic disappearance;Kilolitres;195;units ;0;v72559;01.06.2001;0
1955;Canada;Ice cream;Per capita domestic disappearance;Litres;203;units ;0;v72565;01.06.2002;2
1956;Canada;Total dairy products;Total domestic disappearance;Kilolitres;195;units ;0;v72554;01.01.2001;0
1956;Canada;Total dairy products;Per capita domestic disappearance;Litres;203;units ;0;v72560;01.01.2002;2
1956;Canada;Fluid products;Total domestic disappearance;Kilolitres;195;units ;0;v72555;01.02.2001;0
1956;Canada;Fluid products;Per capita domestic disappearance;Litres;203;units ;0;v72561;01.02.2002;2
1956;Canada;Butter;Total domestic disappearance;Kilolitres;195;units ;0;v72556;01.03.2001;0
1956;Canada;Butter;Per capita domestic disappearance;Litres;203;units ;0;v72562;01.03.2002;2
1956;Canada;Cheese;Total domestic disappearance;Kilolitres;195;units ;0;v72557;01.04.2001;0
1956;Canada;Cheese;Per capita domestic disappearance;Litres;203;units ;0;v72563;01.04.2002;2
1956;Canada;Concentrated whole milk products;Total domestic disappearance;Kilolitres;195;units ;0;v72558;01.05.2001;0
1956;Canada;Concentrated whole milk products;Per capita domestic disappearance;Litres;203;units ;0;v72564;01.05.2002;2
1956;Canada;Ice cream;Total domestic disappearance;Kilolitres;195;units ;0;v72559;01.06.2001;0
1956;Canada;Ice cream;Per capita domestic disappearance;Litres;203;units ;0;v72565;01.06.2002;2
1957;Canada;Total dairy products;Total domestic disappearance;Kilolitres;195;units ;0;v72554;01.01.2001;0
1957;Canada;Total dairy products;Per capita domestic disappearance;Litres;203;units ;0;v72560;01.01.2002;2
1957;Canada;Fluid products;Total domestic disappearance;Kilolitres;195;units ;0;v72555;01.02.2001;0
1957;Canada;Fluid products;Per capita domestic disappearance;Litres;203;units ;0;v72561;01.02.2002;2
1957;Canada;Butter;Total domestic disappearance;Kilolitres;195;units ;0;v72556;01.03.2001;0
1957;Canada;Butter;Per capita domestic disappearance;Litres;203;units ;0;v72562;01.03.2002;2
1957;Canada;Cheese;Total domestic disappearance;Kilolitres;195;units ;0;v72557;01.04.2001;0
1957;Canada;Cheese;Per capita domestic disappearance;Litres;203;units ;0;v72563;01.04.2002;2
1957;Canada;Concentrated whole milk products;Total domestic disappearance;Kilolitres;195;units ;0;v72558;01.05.2001;0
1957;Canada;Concentrated whole milk products;Per capita domestic disappearance;Litres;203;units ;0;v72564;01.05.2002;2
1957;Canada;Ice cream;Total domestic disappearance;Kilolitres;195;units ;0;v72559;01.06.2001;0
1957;Canada;Ice cream;Per capita domestic disappearance;Litres;203;units ;0;v72565;01.06.2002;2
1958;Canada;Total dairy products;Total domestic disappearance;Kilolitres;195;units ;0;v72554;01.01.2001;0
1958;Canada;Total dairy products;Per capita domestic disappearance;Litres;203;units ;0;v72560;01.01.2002;2
1958;Canada;Fluid products;Total domestic disappearance;Kilolitres;195;units ;0;v72555;01.02.2001;0
1958;Canada;Fluid products;Per capita domestic disappearance;Litres;203;units ;0;v72561;01.02.2002;2
1958;Canada;Butter;Total domestic disappearance;Kilolitres;195;units ;0;v72556;01.03.2001;0
1958;Canada;Butter;Per capita domestic disappearance;Litres;203;units ;0;v72562;01.03.2002;2
1958;Canada;Cheese;Total domestic disappearance;Kilolitres;195;units ;0;v72557;01.04.2001;0
1958;Canada;Cheese;Per capita domestic disappearance;Litres;203;units ;0;v72563;01.04.2002;2
1958;Canada;Concentrated whole milk products;Total domestic disappearance;Kilolitres;195;units ;0;v72558;01.05.2001;0
1958;Canada;Concentrated whole milk products;Per capita domestic disappearance;Litres;203;units ;0;v72564;01.05.2002;2
1958;Canada;Ice cream;Total domestic disappearance;Kilolitres;195;units ;0;v72559;01.06.2001;0
1958;Canada;Ice cream;Per capita domestic disappearance;Litres;203;units ;0;v72565;01.06.2002;2
1959;Canada;Total dairy products;Total domestic disappearance;Kilolitres;195;units ;0;v72554;01.01.2001;0
1959;Canada;Total dairy products;Per capita domestic disappearance;Litres;203;units ;0;v72560;01.01.2002;2
1959;Canada;Fluid products;Total domestic disappearance;Kilolitres;195;units ;0;v72555;01.02.2001;0
1959;Canada;Fluid products;Per capita domestic disappearance;Litres;203;units ;0;v72561;01.02.2002;2
1959;Canada;Butter;Total domestic disappearance;Kilolitres;195;units ;0;v72556;01.03.2001;0
1959;Canada;Butter;Per capita domestic disappearance;Litres;203;units ;0;v72562;01.03.2002;2
1959;Canada;Cheese;Total domestic disappearance;Kilolitres;195;units ;0;v72557;01.04.2001;0
1959;Canada;Cheese;Per capita domestic disappearance;Litres;203;units ;0;v72563;01.04.2002;2
1959;Canada;Concentrated whole milk products;Total domestic disappearance;Kilolitres;195;units ;0;v72558;01.05.2001;0
1959;Canada;Concentrated whole milk products;Per capita domestic disappearance;Litres;203;units ;0;v72564;01.05.2002;2
1959;Canada;Ice cream;Total domestic disappearance;Kilolitres;195;units ;0;v72559;01.06.2001;0
1959;Canada;Ice cream;Per capita domestic disappearance;Litres;203;units ;0;v72565;01.06.2002;2
1960;Canada;Total dairy products;Total domestic disappearance;Kilolitres;195;units ;0;v72554;01.01.2001;0
1960;Canada;Total dairy products;Per capita domestic disappearance;Litres;203;units ;0;v72560;01.01.2002;2
1960;Canada;Fluid products;Total domestic disappearance;Kilolitres;195;units ;0;v72555;01.02.2001;0
1960;Canada;Fluid products;Per capita domestic disappearance;Litres;203;units ;0;v72561;01.02.2002;2
1960;Canada;Butter;Total domestic disappearance;Kilolitres;195;units ;0;v72556;01.03.2001;0
1960;Canada;Butter;Per capita domestic disappearance;Litres;203;units ;0;v72562;01.03.2002;2
1960;Canada;Cheese;Total domestic disappearance;Kilolitres;195;units ;0;v72557;01.04.2001;0
1960;Canada;Cheese;Per capita domestic disappearance;Litres;203;units ;0;v72563;01.04.2002;2
1960;Canada;Concentrated whole milk products;Total domestic disappearance;Kilolitres;195;units ;0;v72558;01.05.2001;0
1960;Canada;Concentrated whole milk products;Per capita domestic disappearance;Litres;203;units ;0;v72564;01.05.2002;2
1960;Canada;Ice cream;Total domestic disappearance;Kilolitres;195;units ;0;v72559;01.06.2001;0
1960;Canada;Ice cream;Per capita domestic disappearance;Litres;203;units ;0;v72565;01.06.2002;2
1961;Canada;Total dairy products;Total domestic disappearance;Kilolitres;195;units ;0;v72554;01.01.2001;0
1961;Canada;Total dairy products;Per capita domestic disappearance;Litres;203;units ;0;v72560;01.01.2002;2
1961;Canada;Fluid products;Total domestic disappearance;Kilolitres;195;units ;0;v72555;01.02.2001;0
1961;Canada;Fluid products;Per capita domestic disappearance;Litres;203;units ;0;v72561;01.02.2002;2
1961;Canada;Butter;Total domestic disappearance;Kilolitres;195;units ;0;v72556;01.03.2001;0
1961;Canada;Butter;Per capita domestic disappearance;Litres;203;units ;0;v72562;01.03.2002;2
1961;Canada;Cheese;Total domestic disappearance;Kilolitres;195;units ;0;v72557;01.04.2001;0
1961;Canada;Cheese;Per capita domestic disappearance;Litres;203;units ;0;v72563;01.04.2002;2
1961;Canada;Concentrated whole milk products;Total domestic disappearance;Kilolitres;195;units ;0;v72558;01.05.2001;0
1961;Canada;Concentrated whole milk products;Per capita domestic disappearance;Litres;203;units ;0;v72564;01.05.2002;2
1961;Canada;Ice cream;Total domestic disappearance;Kilolitres;195;units ;0;v72559;01.06.2001;0
1961;Canada;Ice cream;Per capita domestic disappearance;Litres;203;units ;0;v72565;01.06.2002;2
1962;Canada;Total dairy products;Total domestic disappearance;Kilolitres;195;units ;0;v72554;01.01.2001;0
1962;Canada;Total dairy products;Per capita domestic disappearance;Litres;203;units ;0;v72560;01.01.2002;2
1962;Canada;Fluid products;Total domestic disappearance;Kilolitres;195;units ;0;v72555;01.02.2001;0
1962;Canada;Fluid products;Per capita domestic disappearance;Litres;203;units ;0;v72561;01.02.2002;2
1962;Canada;Butter;Total domestic disappearance;Kilolitres;195;units ;0;v72556;01.03.2001;0
1962;Canada;Butter;Per capita domestic disappearance;Litres;203;units ;0;v72562;01.03.2002;2
1962;Canada;Cheese;Total domestic disappearance;Kilolitres;195;units ;0;v72557;01.04.2001;0
1962;Canada;Cheese;Per capita domestic disappearance;Litres;203;units ;0;v72563;01.04.2002;2
1962;Canada;Concentrated whole milk products;Total domestic disappearance;Kilolitres;195;units ;0;v72558;01.05.2001;0
1962;Canada;Concentrated whole milk products;Per capita domestic disappearance;Litres;203;units ;0;v72564;01.05.2002;2
1962;Canada;Ice cream;Total domestic disappearance;Kilolitres;195;units ;0;v72559;01.06.2001;0
1962;Canada;Ice cream;Per capita domestic disappearance;Litres;203;units ;0;v72565;01.06.2002;2
1963;Canada;Total dairy products;Total domestic disappearance;Kilolitres;195;units ;0;v72554;01.01.2001;0
1963;Canada;Total dairy products;Per capita domestic disappearance;Litres;203;units ;0;v72560;01.01.2002;2
1963;Canada;Fluid products;Total domestic disappearance;Kilolitres;195;units ;0;v72555;01.02.2001;0
1963;Canada;Fluid products;Per capita domestic disappearance;Litres;203;units ;0;v72561;01.02.2002;2
1963;Canada;Butter;Total domestic disappearance;Kilolitres;195;units ;0;v72556;01.03.2001;0
1963;Canada;Butter;Per capita domestic disappearance;Litres;203;units ;0;v72562;01.03.2002;2
1963;Canada;Cheese;Total domestic disappearance;Kilolitres;195;units ;0;v72557;01.04.2001;0
1963;Canada;Cheese;Per capita domestic disappearance;Litres;203;units ;0;v72563;01.04.2002;2
1963;Canada;Concentrated whole milk products;Total domestic disappearance;Kilolitres;195;units ;0;v72558;01.05.2001;0
1963;Canada;Concentrated whole milk products;Per capita domestic disappearance;Litres;203;units ;0;v72564;01.05.2002;2
1963;Canada;Ice cream;Total domestic disappearance;Kilolitres;195;units ;0;v72559;01.06.2001;0
1963;Canada;Ice cream;Per capita domestic disappearance;Litres;203;units ;0;v72565;01.06.2002;2
1964;Canada;Total dairy products;Total domestic disappearance;Kilolitres;195;units ;0;v72554;01.01.2001;0
1964;Canada;Total dairy products;Per capita domestic disappearance;Litres;203;units ;0;v72560;01.01.2002;2
1964;Canada;Fluid products;Total domestic disappearance;Kilolitres;195;units ;0;v72555;01.02.2001;0
1964;Canada;Fluid products;Per capita domestic disappearance;Litres;203;units ;0;v72561;01.02.2002;2
1964;Canada;Butter;Total domestic disappearance;Kilolitres;195;units ;0;v72556;01.03.2001;0
1964;Canada;Butter;Per capita domestic disappearance;Litres;203;units ;0;v72562;01.03.2002;2
1964;Canada;Cheese;Total domestic disappearance;Kilolitres;195;units ;0;v72557;01.04.2001;0
1964;Canada;Cheese;Per capita domestic disappearance;Litres;203;units ;0;v72563;01.04.2002;2
1964;Canada;Concentrated whole milk products;Total domestic disappearance;Kilolitres;195;units ;0;v72558;01.05.2001;0
1964;Canada;Concentrated whole milk products;Per capita domestic disappearance;Litres;203;units ;0;v72564;01.05.2002;2
1964;Canada;Ice cream;Total domestic disappearance;Kilolitres;195;units ;0;v72559;01.06.2001;0
1964;Canada;Ice cream;Per capita domestic disappearance;Litres;203;units ;0;v72565;01.06.2002;2
1965;Canada;Total dairy products;Total domestic disappearance;Kilolitres;195;units ;0;v72554;01.01.2001;0
1965;Canada;Total dairy products;Per capita domestic disappearance;Litres;203;units ;0;v72560;01.01.2002;2
1965;Canada;Fluid products;Total domestic disappearance;Kilolitres;195;units ;0;v72555;01.02.2001;0
1965;Canada;Fluid products;Per capita domestic disappearance;Litres;203;units ;0;v72561;01.02.2002;2
1965;Canada;Butter;Total domestic disappearance;Kilolitres;195;units ;0;v72556;01.03.2001;0
1965;Canada;Butter;Per capita domestic disappearance;Litres;203;units ;0;v72562;01.03.2002;2
1965;Canada;Cheese;Total domestic disappearance;Kilolitres;195;units ;0;v72557;01.04.2001;0
1965;Canada;Cheese;Per capita domestic disappearance;Litres;203;units ;0;v72563;01.04.2002;2
1965;Canada;Concentrated whole milk products;Total domestic disappearance;Kilolitres;195;units ;0;v72558;01.05.2001;0
1965;Canada;Concentrated whole milk products;Per capita domestic disappearance;Litres;203;units ;0;v72564;01.05.2002;2
1965;Canada;Ice cream;Total domestic disappearance;Kilolitres;195;units ;0;v72559;01.06.2001;0
1965;Canada;Ice cream;Per capita domestic disappearance;Litres;203;units ;0;v72565;01.06.2002;2
1966;Canada;Total dairy products;Total domestic disappearance;Kilolitres;195;units ;0;v72554;01.01.2001;0
1966;Canada;Total dairy products;Per capita domestic disappearance;Litres;203;units ;0;v72560;01.01.2002;2
1966;Canada;Fluid products;Total domestic disappearance;Kilolitres;195;units ;0;v72555;01.02.2001;0
1966;Canada;Fluid products;Per capita domestic disappearance;Litres;203;units ;0;v72561;01.02.2002;2
1966;Canada;Butter;Total domestic disappearance;Kilolitres;195;units ;0;v72556;01.03.2001;0
1966;Canada;Butter;Per capita domestic disappearance;Litres;203;units ;0;v72562;01.03.2002;2
1966;Canada;Cheese;Total domestic disappearance;Kilolitres;195;units ;0;v72557;01.04.2001;0
1966;Canada;Cheese;Per capita domestic disappearance;Litres;203;units ;0;v72563;01.04.2002;2
1966;Canada;Concentrated whole milk products;Total domestic disappearance;Kilolitres;195;units ;0;v72558;01.05.2001;0
1966;Canada;Concentrated whole milk products;Per capita domestic disappearance;Litres;203;units ;0;v72564;01.05.2002;2
1966;Canada;Ice cream;Total domestic disappearance;Kilolitres;195;units ;0;v72559;01.06.2001;0
1966;Canada;Ice cream;Per capita domestic disappearance;Litres;203;units ;0;v72565;01.06.2002;2
1967;Canada;Total dairy products;Total domestic disappearance;Kilolitres;195;units ;0;v72554;01.01.2001;0
1967;Canada;Total dairy products;Per capita domestic disappearance;Litres;203;units ;0;v72560;01.01.2002;2
1967;Canada;Fluid products;Total domestic disappearance;Kilolitres;195;units ;0;v72555;01.02.2001;0
1967;Canada;Fluid products;Per capita domestic disappearance;Litres;203;units ;0;v72561;01.02.2002;2
1967;Canada;Butter;Total domestic disappearance;Kilolitres;195;units ;0;v72556;01.03.2001;0
1967;Canada;Butter;Per capita domestic disappearance;Litres;203;units ;0;v72562;01.03.2002;2
1967;Canada;Cheese;Total domestic disappearance;Kilolitres;195;units ;0;v72557;01.04.2001;0
1967;Canada;Cheese;Per capita domestic disappearance;Litres;203;units ;0;v72563;01.04.2002;2
1967;Canada;Concentrated whole milk products;Total domestic disappearance;Kilolitres;195;units ;0;v72558;01.05.2001;0
1967;Canada;Concentrated whole milk products;Per capita domestic disappearance;Litres;203;units ;0;v72564;01.05.2002;2
1967;Canada;Ice cream;Total domestic disappearance;Kilolitres;195;units ;0;v72559;01.06.2001;0
1967;Canada;Ice cream;Per capita domestic disappearance;Litres;203;units ;0;v72565;01.06.2002;2
1968;Canada;Total dairy products;Total domestic disappearance;Kilolitres;195;units ;0;v72554;01.01.2001;0
1968;Canada;Total dairy products;Per capita domestic disappearance;Litres;203;units ;0;v72560;01.01.2002;2
1968;Canada;Fluid products;Total domestic disappearance;Kilolitres;195;units ;0;v72555;01.02.2001;0
1968;Canada;Fluid products;Per capita domestic disappearance;Litres;203;units ;0;v72561;01.02.2002;2
1968;Canada;Butter;Total domestic disappearance;Kilolitres;195;units ;0;v72556;01.03.2001;0
1968;Canada;Butter;Per capita domestic disappearance;Litres;203;units ;0;v72562;01.03.2002;2
1968;Canada;Cheese;Total domestic disappearance;Kilolitres;195;units ;0;v72557;01.04.2001;0
1968;Canada;Cheese;Per capita domestic disappearance;Litres;203;units ;0;v72563;01.04.2002;2
1968;Canada;Concentrated whole milk products;Total domestic disappearance;Kilolitres;195;units ;0;v72558;01.05.2001;0
1968;Canada;Concentrated whole milk products;Per capita domestic disappearance;Litres;203;units ;0;v72564;01.05.2002;2
1968;Canada;Ice cream;Total domestic disappearance;Kilolitres;195;units ;0;v72559;01.06.2001;0
1968;Canada;Ice cream;Per capita domestic disappearance;Litres;203;units ;0;v72565;01.06.2002;2
1969;Canada;Total dairy products;Total domestic disappearance;Kilolitres;195;units ;0;v72554;01.01.2001;0
1969;Canada;Total dairy products;Per capita domestic disappearance;Litres;203;units ;0;v72560;01.01.2002;2
1969;Canada;Fluid products;Total domestic disappearance;Kilolitres;195;units ;0;v72555;01.02.2001;0
1969;Canada;Fluid products;Per capita domestic disappearance;Litres;203;units ;0;v72561;01.02.2002;2
1969;Canada;Butter;Total domestic disappearance;Kilolitres;195;units ;0;v72556;01.03.2001;0
1969;Canada;Butter;Per capita domestic disappearance;Litres;203;units ;0;v72562;01.03.2002;2
1969;Canada;Cheese;Total domestic disappearance;Kilolitres;195;units ;0;v72557;01.04.2001;0
1969;Canada;Cheese;Per capita domestic disappearance;Litres;203;units ;0;v72563;01.04.2002;2
1969;Canada;Concentrated whole milk products;Total domestic disappearance;Kilolitres;195;units ;0;v72558;01.05.2001;0
1969;Canada;Concentrated whole milk products;Per capita domestic disappearance;Litres;203;units ;0;v72564;01.05.2002;2
1969;Canada;Ice cream;Total domestic disappearance;Kilolitres;195;units ;0;v72559;01.06.2001;0
1969;Canada;Ice cream;Per capita domestic disappearance;Litres;203;units ;0;v72565;01.06.2002;2
1970;Canada;Total dairy products;Total domestic disappearance;Kilolitres;195;units ;0;v72554;01.01.2001;0
1970;Canada;Total dairy products;Per capita domestic disappearance;Litres;203;units ;0;v72560;01.01.2002;2
1970;Canada;Fluid products;Total domestic disappearance;Kilolitres;195;units ;0;v72555;01.02.2001;0
1970;Canada;Fluid products;Per capita domestic disappearance;Litres;203;units ;0;v72561;01.02.2002;2
1970;Canada;Butter;Total domestic disappearance;Kilolitres;195;units ;0;v72556;01.03.2001;0
1970;Canada;Butter;Per capita domestic disappearance;Litres;203;units ;0;v72562;01.03.2002;2
1970;Canada;Cheese;Total domestic disappearance;Kilolitres;195;units ;0;v72557;01.04.2001;0
1970;Canada;Cheese;Per capita domestic disappearance;Litres;203;units ;0;v72563;01.04.2002;2
1970;Canada;Concentrated whole milk products;Total domestic disappearance;Kilolitres;195;units ;0;v72558;01.05.2001;0
1970;Canada;Concentrated whole milk products;Per capita domestic disappearance;Litres;203;units ;0;v72564;01.05.2002;2
1970;Canada;Ice cream;Total domestic disappearance;Kilolitres;195;units ;0;v72559;01.06.2001;0
1970;Canada;Ice cream;Per capita domestic disappearance;Litres;203;units ;0;v72565;01.06.2002;2
1971;Canada;Total dairy products;Total domestic disappearance;Kilolitres;195;units ;0;v72554;01.01.2001;0
1971;Canada;Total dairy products;Per capita domestic disappearance;Litres;203;units ;0;v72560;01.01.2002;2
1971;Canada;Fluid products;Total domestic disappearance;Kilolitres;195;units ;0;v72555;01.02.2001;0
1971;Canada;Fluid products;Per capita domestic disappearance;Litres;203;units ;0;v72561;01.02.2002;2
1971;Canada;Butter;Total domestic disappearance;Kilolitres;195;units ;0;v72556;01.03.2001;0
1971;Canada;Butter;Per capita domestic disappearance;Litres;203;units ;0;v72562;01.03.2002;2
1971;Canada;Cheese;Total domestic disappearance;Kilolitres;195;units ;0;v72557;01.04.2001;0
1971;Canada;Cheese;Per capita domestic disappearance;Litres;203;units ;0;v72563;01.04.2002;2
1971;Canada;Concentrated whole milk products;Total domestic disappearance;Kilolitres;195;units ;0;v72558;01.05.2001;0
1971;Canada;Concentrated whole milk products;Per capita domestic disappearance;Litres;203;units ;0;v72564;01.05.2002;2
1971;Canada;Ice cream;Total domestic disappearance;Kilolitres;195;units ;0;v72559;01.06.2001;0
1971;Canada;Ice cream;Per capita domestic disappearance;Litres;203;units ;0;v72565;01.06.2002;2
1972;Canada;Total dairy products;Total domestic disappearance;Kilolitres;195;units ;0;v72554;01.01.2001;0
1972;Canada;Total dairy products;Per capita domestic disappearance;Litres;203;units ;0;v72560;01.01.2002;2
1972;Canada;Fluid products;Total domestic disappearance;Kilolitres;195;units ;0;v72555;01.02.2001;0
1972;Canada;Fluid products;Per capita domestic disappearance;Litres;203;units ;0;v72561;01.02.2002;2
1972;Canada;Butter;Total domestic disappearance;Kilolitres;195;units ;0;v72556;01.03.2001;0
1972;Canada;Butter;Per capita domestic disappearance;Litres;203;units ;0;v72562;01.03.2002;2
1972;Canada;Cheese;Total domestic disappearance;Kilolitres;195;units ;0;v72557;01.04.2001;0
1972;Canada;Cheese;Per capita domestic disappearance;Litres;203;units ;0;v72563;01.04.2002;2
1972;Canada;Concentrated whole milk products;Total domestic disappearance;Kilolitres;195;units ;0;v72558;01.05.2001;0
1972;Canada;Concentrated whole milk products;Per capita domestic disappearance;Litres;203;units ;0;v72564;01.05.2002;2
1972;Canada;Ice cream;Total domestic disappearance;Kilolitres;195;units ;0;v72559;01.06.2001;0
1972;Canada;Ice cream;Per capita domestic disappearance;Litres;203;units ;0;v72565;01.06.2002;2
1973;Canada;Total dairy products;Total domestic disappearance;Kilolitres;195;units ;0;v72554;01.01.2001;0
1973;Canada;Total dairy products;Per capita domestic disappearance;Litres;203;units ;0;v72560;01.01.2002;2
1973;Canada;Fluid products;Total domestic disappearance;Kilolitres;195;units ;0;v72555;01.02.2001;0
1973;Canada;Fluid products;Per capita domestic disappearance;Litres;203;units ;0;v72561;01.02.2002;2
1973;Canada;Butter;Total domestic disappearance;Kilolitres;195;units ;0;v72556;01.03.2001;0
1973;Canada;Butter;Per capita domestic disappearance;Litres;203;units ;0;v72562;01.03.2002;2
1973;Canada;Cheese;Total domestic disappearance;Kilolitres;195;units ;0;v72557;01.04.2001;0
1973;Canada;Cheese;Per capita domestic disappearance;Litres;203;units ;0;v72563;01.04.2002;2
1973;Canada;Concentrated whole milk products;Total domestic disappearance;Kilolitres;195;units ;0;v72558;01.05.2001;0
1973;Canada;Concentrated whole milk products;Per capita domestic disappearance;Litres;203;units ;0;v72564;01.05.2002;2
1973;Canada;Ice cream;Total domestic disappearance;Kilolitres;195;units ;0;v72559;01.06.2001;0
1973;Canada;Ice cream;Per capita domestic disappearance;Litres;203;units ;0;v72565;01.06.2002;2
1974;Canada;Total dairy products;Total domestic disappearance;Kilolitres;195;units ;0;v72554;01.01.2001;0
1974;Canada;Total dairy products;Per capita domestic disappearance;Litres;203;units ;0;v72560;01.01.2002;2
1974;Canada;Fluid products;Total domestic disappearance;Kilolitres;195;units ;0;v72555;01.02.2001;0
1974;Canada;Fluid products;Per capita domestic disappearance;Litres;203;units ;0;v72561;01.02.2002;2
1974;Canada;Butter;Total domestic disappearance;Kilolitres;195;units ;0;v72556;01.03.2001;0
1974;Canada;Butter;Per capita domestic disappearance;Litres;203;units ;0;v72562;01.03.2002;2
1974;Canada;Cheese;Total domestic disappearance;Kilolitres;195;units ;0;v72557;01.04.2001;0
1974;Canada;Cheese;Per capita domestic disappearance;Litres;203;units ;0;v72563;01.04.2002;2
1974;Canada;Concentrated whole milk products;Total domestic disappearance;Kilolitres;195;units ;0;v72558;01.05.2001;0
1974;Canada;Concentrated whole milk products;Per capita domestic disappearance;Litres;203;units ;0;v72564;01.05.2002;2
1974;Canada;Ice cream;Total domestic disappearance;Kilolitres;195;units ;0;v72559;01.06.2001;0
1974;Canada;Ice cream;Per capita domestic disappearance;Litres;203;units ;0;v72565;01.06.2002;2
1975;Canada;Total dairy products;Total domestic disappearance;Kilolitres;195;units ;0;v72554;01.01.2001;0
1975;Canada;Total dairy products;Per capita domestic disappearance;Litres;203;units ;0;v72560;01.01.2002;2
1975;Canada;Fluid products;Total domestic disappearance;Kilolitres;195;units ;0;v72555;01.02.2001;0
1975;Canada;Fluid products;Per capita domestic disappearance;Litres;203;units ;0;v72561;01.02.2002;2
1975;Canada;Butter;Total domestic disappearance;Kilolitres;195;units ;0;v72556;01.03.2001;0
1975;Canada;Butter;Per capita domestic disappearance;Litres;203;units ;0;v72562;01.03.2002;2
1975;Canada;Cheese;Total domestic disappearance;Kilolitres;195;units ;0;v72557;01.04.2001;0
1975;Canada;Cheese;Per capita domestic disappearance;Litres;203;units ;0;v72563;01.04.2002;2
1975;Canada;Concentrated whole milk products;Total domestic disappearance;Kilolitres;195;units ;0;v72558;01.05.2001;0
1975;Canada;Concentrated whole milk products;Per capita domestic disappearance;Litres;203;units ;0;v72564;01.05.2002;2
1975;Canada;Ice cream;Total domestic disappearance;Kilolitres;195;units ;0;v72559;01.06.2001;0
1975;Canada;Ice cream;Per capita domestic disappearance;Litres;203;units ;0;v72565;01.06.2002;2
1976;Canada;Total dairy products;Total domestic disappearance;Kilolitres;195;units ;0;v72554;01.01.2001;0
1976;Canada;Total dairy products;Per capita domestic disappearance;Litres;203;units ;0;v72560;01.01.2002;2
1976;Canada;Fluid products;Total domestic disappearance;Kilolitres;195;units ;0;v72555;01.02.2001;0
1976;Canada;Fluid products;Per capita domestic disappearance;Litres;203;units ;0;v72561;01.02.2002;2
1976;Canada;Butter;Total domestic disappearance;Kilolitres;195;units ;0;v72556;01.03.2001;0
1976;Canada;Butter;Per capita domestic disappearance;Litres;203;units ;0;v72562;01.03.2002;2
1976;Canada;Cheese;Total domestic disappearance;Kilolitres;195;units ;0;v72557;01.04.2001;0
1976;Canada;Cheese;Per capita domestic disappearance;Litres;203;units ;0;v72563;01.04.2002;2
1976;Canada;Concentrated whole milk products;Total domestic disappearance;Kilolitres;195;units ;0;v72558;01.05.2001;0
1976;Canada;Concentrated whole milk products;Per capita domestic disappearance;Litres;203;units ;0;v72564;01.05.2002;2
1976;Canada;Ice cream;Total domestic disappearance;Kilolitres;195;units ;0;v72559;01.06.2001;0
1976;Canada;Ice cream;Per capita domestic disappearance;Litres;203;units ;0;v72565;01.06.2002;2
1977;Canada;Total dairy products;Total domestic disappearance;Kilolitres;195;units ;0;v72554;01.01.2001;0
1977;Canada;Total dairy products;Per capita domestic disappearance;Litres;203;units ;0;v72560;01.01.2002;2
1977;Canada;Fluid products;Total domestic disappearance;Kilolitres;195;units ;0;v72555;01.02.2001;0
1977;Canada;Fluid products;Per capita domestic disappearance;Litres;203;units ;0;v72561;01.02.2002;2
1977;Canada;Butter;Total domestic disappearance;Kilolitres;195;units ;0;v72556;01.03.2001;0
1977;Canada;Butter;Per capita domestic disappearance;Litres;203;units ;0;v72562;01.03.2002;2
1977;Canada;Cheese;Total domestic disappearance;Kilolitres;195;units ;0;v72557;01.04.2001;0
1977;Canada;Cheese;Per capita domestic disappearance;Litres;203;units ;0;v72563;01.04.2002;2
1977;Canada;Concentrated whole milk products;Total domestic disappearance;Kilolitres;195;units ;0;v72558;01.05.2001;0
1977;Canada;Concentrated whole milk products;Per capita domestic disappearance;Litres;203;units ;0;v72564;01.05.2002;2
1977;Canada;Ice cream;Total domestic disappearance;Kilolitres;195;units ;0;v72559;01.06.2001;0
1977;Canada;Ice cream;Per capita domestic disappearance;Litres;203;units ;0;v72565;01.06.2002;2
